,antecedents,consequents,support,confidence,antecedents_len,consequents_len
2320,"frozenset({'REGENCY CAKESTAND 3 TIER', 'PINK REGENCY TEACUP AND SAUCER', 'ROSES REGENCY TEACUP AND SAUCER '})",frozenset({'GREEN REGENCY TEACUP AND SAUCER'}),0.0129,0.9214285714285714,3,1
2406,"frozenset({'JUMBO SHOPPER VINTAGE RED PAISLEY', 'JUMBO BAG SCANDINAVIAN BLUE PAISLEY', 'JUMBO BAG PINK POLKADOT'})",frozenset({'JUMBO BAG RED RETROSPOT'}),0.0101,0.9099099099099098,3,1
2504,"frozenset({'CHARLOTTE BAG SUKI DESIGN', 'STRAWBERRY CHARLOTTE BAG', 'CHARLOTTE BAG PINK POLKADOT'})",frozenset({'RED RETROSPOT CHARLOTTE BAG'}),0.0106,0.9217391304347826,3,1
2518,"frozenset({'WOODLAND CHARLOTTE BAG', 'STRAWBERRY CHARLOTTE BAG', 'CHARLOTTE BAG PINK POLKADOT'})",frozenset({'RED RETROSPOT CHARLOTTE BAG'}),0.0105,0.9210526315789473,3,1
